metric,value
Total Population Forecast,123994585.54582492
CI Lower Bound,123576639.65458915
CI Upper Bound,124412531.43706068
Avg Prefecture MAPE,0.005109512900603131
Confidence Level,0.95
Z-score,1.959963984540054
